Iteration,Train reward,Eval reward,TD loss,Episode,Epsilon
0,nan,-504.28960984431177,nan,0,0.99
100,-326.7010445671657,-504.28960984431177,5.566864490509033,2,0.9702989999999999
200,-386.8023818320357,-504.28960984431177,6.743535254001618,3,0.96059601
300,-342.3729770381532,-504.28960984431177,4.394325559139252,4,0.9509900498999999
400,-304.9713408288825,-504.28960984431177,4.12668065905571,5,0.9414801494009999
500,-244.25739793515123,-575.8154429611778,3.7080928575992584,7,0.92274469442792
600,-228.88587347916803,-575.8154429611778,3.5645816385746003,8,0.9135172474836407
700,-239.47221047573885,-575.8154429611778,3.5663511049747467,9,0.9043820750088043
800,-217.67774685299528,-575.8154429611778,2.8438724601268768,11,0.8863848717161291
900,-216.8036958583139,-575.8154429611778,3.4005234229564665,12,0.8775210229989678
1000,-209.4935525573326,-117.2429335211514,3.330069913864136,13,0.8687458127689781
1100,-200.70718314940464,-117.2429335211514,3.015241415500641,14,0.8600583546412883
1200,-208.76729995709888,-117.2429335211514,2.825087560415268,16,0.8429431933839266
1300,-199.25435269523325,-117.2429335211514,3.2129394775629043,17,0.8345137614500874
1400,-196.1270131554373,-117.2429335211514,3.1767815440893172,18,0.8261686238355865
1500,-202.03038849902524,-105.79064913975307,3.1672438490390777,19,0.8179069375972307
1600,-198.67933900948455,-105.79064913975307,3.153393344283104,20,0.8097278682212583
1700,-211.37545575112466,-105.79064913975307,3.301515338420868,21,0.8016305895390458
1800,-189.84555381557578,-105.79064913975307,3.2321386516094206,22,0.7936142836436553
1900,-177.0325245332972,-105.79064913975307,3.1068066585063936,23,0.7856781408072188
2000,-170.9216413310699,-300.6099331548712,2.8913685196638106,24,0.7778213593991465
2100,-170.564755066028,-300.6099331548712,2.577226094007492,25,0.7700431458051551
2200,-172.86367095424689,-300.6099331548712,2.909446112513542,26,0.7623427143471035
2300,-173.225302972366,-300.6099331548712,3.052773476243019,27,0.7547192872036325
2400,-174.46537293903424,-300.6099331548712,2.7875633883476256,29,0.7397003733882802
2500,-174.46537293903424,-831.5072618572315,2.8932968366146086,29,0.7397003733882802
2600,-195.88266725886854,-831.5072618572315,2.8800287753343583,31,0.7249803359578534
2700,-187.09948632367775,-831.5072618572315,2.747583060264587,32,0.7177305325982748
2800,-195.1843593154921,-831.5072618572315,3.0067057967185975,33,0.7105532272722921
2900,-194.7558332732157,-831.5072618572315,3.204406404495239,34,0.7034476949995692
3000,-205.5467327431927,-448.56303063474024,2.9063634485006333,35,0.6964132180495735
3100,-191.76807218372008,-448.56303063474024,2.8099277740716935,36,0.6894490858690777
3200,-203.23722310523743,-448.56303063474024,2.996458656787872,38,0.6757290490602831
3300,-195.12971028269124,-448.56303063474024,2.481124467253685,39,0.6689717585696803
3400,-205.96612192016352,-448.56303063474024,2.758681197166443,40,0.6622820409839835
3500,-202.9113424869941,-644.5659561486689,3.0589945036172868,41,0.6556592205741436
3600,-195.38117866388583,-644.5659561486689,2.6560518956184387,43,0.6426116020847181
3700,-206.22345435581374,-644.5659561486689,2.9279374051094056,44,0.6361854860638709
3800,-206.39633110650016,-644.5659561486689,3.2218781238794327,45,0.6298236312032323
3900,-210.45492120850287,-644.5659561486689,2.672742101550102,46,0.6235253948912
4000,-212.0358022434729,-286.36834639286104,2.6703774738311767,47,0.617290140942288
4100,-200.55534266936388,-286.36834639286104,2.73732014298439,48,0.6111172395328651
4200,-217.02125597049408,-286.36834639286104,2.957273172736168,50,0.5989560064661611
4300,-202.9087063802687,-286.36834639286104,2.8887603080272672,51,0.5929664464014994
4400,-205.2697539929552,-286.36834639286104,2.85826644718647,52,0.5870367819374844
4500,-206.85601690525928,-111.73437472563626,2.769634650349617,53,0.5811664141181095
4600,-200.6533923372239,-111.73437472563626,3.2791956388950347,55,0.5696012024771592
4700,-199.2412312102694,-111.73437472563626,2.980518614053726,56,0.5639051904523876
4800,-190.29040655882005,-111.73437472563626,2.925764983892441,58,0.5526834771623851
4900,-199.67465143439418,-111.73437472563626,2.7712753784656523,59,0.5471566423907612
5000,-188.1829578586843,-745.6215995843041,2.80580936729908,60,0.5416850759668536
5100,-179.4309386018576,-745.6215995843041,2.7623019582033157,62,0.5309055429551132
5200,-181.8902398007173,-745.6215995843041,3.1156835734844206,63,0.525596487525562
5300,-171.30267553061188,-745.6215995843041,3.026135422587395,64,0.5203405226503064
5400,-170.61255351539774,-745.6215995843041,3.200710352063179,65,0.5151371174238033
5500,-166.8966407435822,-112.34354959775044,3.23061861038208,66,0.5099857462495653
5600,-176.46851310854427,-112.34354959775044,3.248867254257202,68,0.4998370298991989
5700,-163.3948997693059,-112.34354959775044,3.0634827864170076,69,0.49483865960020695
5800,-147.89846804353826,-112.34354959775044,3.02379385471344,70,0.4898902730042049
5900,-155.33279441234967,-112.34354959775044,2.776724173426628,71,0.48499137027416284
6000,-144.67102861260827,-123.73848660688304,2.908913918733597,73,0.475340042005707
6100,-141.96436289779098,-123.73848660688304,2.95938303232193,74,0.47058664158564995
6200,-158.58099451802485,-123.73848660688304,2.885007389187813,75,0.4658807751697934
6300,-163.72764415751553,-123.73848660688304,2.841585039496422,76,0.4612219674180955
6400,-173.4587184308902,-123.73848660688304,2.5236792254447935,78,0.4520436502664754
6500,-173.4587184308902,-619.5760350203753,3.1303182923793793,78,0.4520436502664754
6600,-163.73115323712307,-619.5760350203753,2.913682324886322,79,0.44752321376381066
6700,-175.0369277628287,-619.5760350203753,2.7497857391834257,80,0.44304798162617254
6800,-176.2999635415298,-619.5760350203753,2.81254409968853,81,0.4386175018099108
6900,-187.25927093558886,-619.5760350203753,2.4811028808355333,82,0.4342313267918117
7000,-184.75876582891186,-900.1701274225879,2.853858999609947,83,0.4298890135238936
7100,-194.1235935149758,-900.1701274225879,2.86076902449131,85,0.4213342221547681
7200,-197.15072489304936,-900.1701274225879,2.612969724535942,86,0.41712087993322045
7300,-203.3160541024108,-900.1701274225879,2.5821435725688935,87,0.41294967113388825
7400,-193.1523295700722,-900.1701274225879,2.7957616204023363,88,0.40882017442254937
7500,-206.39357739214287,-572.5439891324826,2.4814111405611037,89,0.4047319726783239
7600,-214.1479131285086,-572.5439891324826,3.0573833382129667,91,0.39667780642202527
7700,-218.31198618375265,-572.5439891324826,3.054188286662102,92,0.392711028357805
7800,-228.60121398417004,-572.5439891324826,2.5579074293375017,93,0.38878391807422696
7900,-228.60121398417004,-572.5439891324826,2.9530091732740402,93,0.38878391807422696
8000,-234.36125407665722,-510.28774744250023,2.6488038909435274,94,0.3848960788934847
8100,-218.50439482335497,-510.28774744250023,3.0378408497571945,95,0.38104711810454983
8200,-209.00703688450417,-510.28774744250023,2.5913142204284667,97,0.37346428045426927
8300,-222.66175336653504,-510.28774744250023,3.0319570398330686,98,0.36972963764972655
8400,-233.14172892756466,-510.28774744250023,2.712318614721298,99,0.36603234127322926
8500,-233.63136425092245,-1939.7343969079382,2.7513400179147722,100,0.36237201786049694
8600,-221.4116440249275,-1939.7343969079382,2.709042655825615,102,0.35516081470507305
8700,-235.08333893300127,-1939.7343969079382,2.830105551481247,103,0.3516092065580223
8800,-236.0673249942413,-1939.7343969079382,2.7879509645700455,104,0.34809311449244207
8900,-241.85746901841352,-1939.7343969079382,2.5608580911159518,105,0.34461218334751764
9000,-228.14035871466757,-517.0745997980341,2.7530598896741867,107,0.337754400898902
9100,-214.57667147190676,-517.0745997980341,2.7112244248390196,109,0.33103308832101386
9200,-214.57667147190676,-517.0745997980341,2.458557565808296,109,0.33103308832101386
9300,-220.50629983553299,-517.0745997980341,3.02874283015728,111,0.3244455298634257
9400,-220.50629983553299,-517.0745997980341,2.873862986564636,111,0.3244455298634257
9500,-212.82743054626752,-639.094901613778,3.0653382688760757,112,0.3212010745647914
9600,-211.14890554723365,-639.094901613778,2.671908242702484,114,0.31480917318095203
9700,-209.62741554621235,-639.094901613778,2.826687581539154,115,0.3116610814491425
9800,-209.62741554621235,-639.094901613778,2.9522099292278288,115,0.3116610814491425
9900,-201.50241712468616,-639.094901613778,3.116496375799179,117,0.30545902592830454
10000,-186.48812216261027,-583.9971111115307,3.101871396303177,118,0.3024044356690215
10100,-159.25597291225958,-583.9971111115307,2.764277869462967,120,0.2963865873992079
10200,-174.3029591330232,-583.9971111115307,3.356103180646896,121,0.29342272152521587
10300,-174.04781776997785,-583.9971111115307,2.7583964866399766,122,0.2904884943099637
10400,-175.6964434035768,-583.9971111115307,3.001544188261032,123,0.28758360936686406
10500,-179.54261671673152,-1548.2042243934475,3.038715180158615,125,0.28186069554046345
10600,-180.68956367437988,-1548.2042243934475,3.143472529053688,126,0.2790420885850588
10700,-185.45776495594777,-1548.2042243934475,2.6781955033540727,128,0.27348915102221616
10800,-185.53490453902026,-1548.2042243934475,3.216346619129181,129,0.270754259511994
10900,-168.52902917927003,-1548.2042243934475,2.960978066325188,130,0.26804671691687404
11000,-168.95576023071152,-524.1304216923515,2.8280340886116027,131,0.2653662497477053
11100,-168.1511304002382,-524.1304216923515,2.928181895017624,133,0.2600854613777259
11200,-164.2798532146684,-524.1304216923515,2.7095677441358568,134,0.2574846067639487
11300,-165.35768453782163,-524.1304216923515,2.7955339884757997,135,0.2549097606963092
11400,-173.0526073705105,-524.1304216923515,3.188489165306091,137,0.24983705645845267
11500,-172.6091063214514,-675.416206797257,2.7750732749700546,138,0.24733868589386815
11600,-172.11150788124283,-675.416206797257,3.0424193680286407,139,0.24486529903492946
11700,-175.31721923308663,-675.416206797257,2.8175026190280916,140,0.24241664604458016
11800,-160.37761439919353,-675.416206797257,2.672535648941994,141,0.23999247958413436
11900,-173.2512974563717,-675.416206797257,2.8254748296737673,142,0.23759255478829303
12000,-157.63359908752506,-136.12916212859173,2.972436828613281,143,0.2352166292404101
12100,-150.01174851764677,-136.12916212859173,2.9936977463960646,144,0.232864462948006
12200,-148.55613576234032,-136.12916212859173,2.6995448637008668,145,0.23053581831852593
12300,-150.43046064810932,-136.12916212859173,2.505843154788017,146,0.22823046013534068
12400,-148.78584104609897,-136.12916212859173,2.6646938157081603,147,0.22594815553398728
12500,-154.98156715892736,-372.1015436284522,3.066380507349968,148,0.22368867397864742
12600,-156.06212451182893,-372.1015436284522,2.736150903105736,150,0.21923726936647234
12700,-152.73506031603048,-372.1015436284522,3.042400052547455,151,0.2170448966728076
12800,-147.96574633716395,-372.1015436284522,3.0319133293628693,152,0.21487444770607952
12900,-149.0949002314287,-372.1015436284522,2.461526202559471,153,0.21272570322901874
13000,-151.00652668731828,-665.3608904534681,3.069936223626137,154,0.21059844619672854
13100,-145.47207871293224,-665.3608904534681,2.6590636175870896,156,0.20640753711741366
13200,-145.79519982215157,-665.3608904534681,2.8617602264881135,157,0.20434346174623952
13300,-146.27015603458102,-665.3608904534681,2.9395882803201676,158,0.20230002712877712
13400,-144.45062817016824,-665.3608904534681,2.4663813799619674,159,0.20027702685748935
13500,-144.45062817016824,-135.2346384462467,2.867752546072006,159,0.20027702685748935
13600,-144.39651371840867,-135.2346384462467,2.841178085207939,160,0.19827425658891445
13700,-154.3159227911229,-135.2346384462467,2.966902373433113,161,0.1962915140230253
13800,-168.33507368407027,-135.2346384462467,2.8350159442424774,163,0.1923853128939671
13900,-175.33247775028636,-135.2346384462467,3.0097584670782087,164,0.19046145976502743
14000,-168.4719007490897,-735.0426850596562,3.036450851559639,165,0.18855684516737714
14100,-165.86551374967138,-735.0426850596562,2.8187644028663636,167,0.18480456394854633
14200,-178.49939037224053,-735.0426850596562,2.911997005343437,168,0.18295651830906087
14300,-178.49939037224053,-735.0426850596562,3.1172788733243944,168,0.18295651830906087
14400,-189.3831750749981,-735.0426850596562,2.8061047947406768,169,0.18112695312597027
14500,-205.74221642683247,-723.485886695546,3.087790530323982,171,0.17752252675876345
14600,-200.0395544769102,-723.485886695546,2.76204372048378,173,0.17398982847626407
14700,-198.0217246062191,-723.485886695546,2.665306795835495,174,0.17224993019150142
14800,-204.50573954816667,-723.485886695546,2.7431725460290908,175,0.1705274308895864
14900,-220.9722561006718,-723.485886695546,2.663740400671959,176,0.16882215658069055
15000,-225.41695890864366,-654.6120816020727,2.822353893518448,177,0.16713393501488363
15100,-225.10780461351322,-654.6120816020727,2.859150010943413,178,0.16546259566473479
15200,-237.8296076325837,-654.6120816020727,2.978305214047432,180,0.16216989001100657
15300,-229.17538912764994,-654.6120816020727,3.0743262255191803,181,0.1605481911108965
15400,-220.7460470863964,-654.6120816020727,3.1658885341882708,182,0.15894270919978754
15500,-197.55539133629793,-485.89280644782923,2.865688524842262,184,0.15577974928671176
15600,-205.81761006189214,-485.89280644782923,2.571843844652176,186,0.1526797322759062
15700,-212.02930720519618,-485.89280644782923,3.2614804232120513,187,0.15115293495314713
15800,-200.5290992758371,-485.89280644782923,2.9297580510377883,188,0.14964140560361566
15900,-192.42464939839383,-485.89280644782923,2.4276344990730285,189,0.1481449915475795
16000,-201.6552217321018,-580.3685299023034,2.846791787147522,190,0.1466635416321037
16100,-190.70955415563668,-580.3685299023034,2.85367605805397,191,0.14519690621578268
16200,-193.65606395181837,-580.3685299023034,2.8774644362926485,192,0.14374493715362485
16300,-207.4007974752078,-580.3685299023034,2.927737817764282,194,0.1408844129042677
16400,-205.0677980513044,-580.3685299023034,2.9172542184591292,195,0.13947556877522502
16500,-197.69148130906464,-763.7712208509381,2.855694400072098,196,0.13808081308747278
16600,-194.39208452678693,-763.7712208509381,2.939257871508598,197,0.13670000495659804
16700,-192.4899468520602,-763.7712208509381,2.9497792863845826,198,0.13533300490703207
16800,-183.97784801646893,-763.7712208509381,2.981713389158249,200,0.13263987810938213
16900,-183.97784801646893,-763.7712208509381,3.028831447958946,200,0.13263987810938213
17000,-183.94461606245386,-1176.4490063441185,2.448911271691322,201,0.1313134793282883
17100,-190.05876291617156,-1176.4490063441185,3.0751990312337876,203,0.12870034108965536
17200,-186.71518482082072,-1176.4490063441185,2.9757162231206893,204,0.12741333767875881
17300,-192.52777620512768,-1176.4490063441185,3.4361524379253385,205,0.12613920430197123
17400,-184.07910455614928,-1176.4490063441185,2.8787536257505417,206,0.12487781225895152
17500,-177.9586485905001,-687.1526365776723,2.966823695898056,208,0.12239274379499838
17600,-165.9200576444698,-687.1526365776723,2.599066670536995,210,0.11995712819347792
17700,-163.44212837006515,-687.1526365776723,3.232172369360924,211,0.11875755691154315
17800,-161.11572354165074,-687.1526365776723,2.836131520867348,212,0.11756998134242772
17900,-163.48535924617633,-687.1526365776723,2.868911870121956,213,0.11639428152900344
18000,-176.0060213580629,-678.294233167899,2.7643890953063965,214,0.11523033871371341
18100,-162.01770255103224,-678.294233167899,2.630539628267288,216,0.11293725497331052
18200,-164.87363350195045,-678.294233167899,2.750283280611038,217,0.1118078824235774
18300,-166.6953309587664,-678.294233167899,2.831720755696297,218,0.11068980359934164
18400,-166.39160852305514,-678.294233167899,2.8307461452484133,219,0.10958290556334822
18500,-165.5994735700295,-159.91330482947984,2.9904671788215635,220,0.10848707650771475
18600,-174.74860642697178,-159.91330482947984,2.6435691541433335,222,0.10632818368521123
18700,-171.48102865533986,-159.91330482947984,2.616192681789398,223,0.10526490184835911
18800,-169.97420729291701,-159.91330482947984,2.651541348695755,224,0.10421225282987552
18900,-160.38771911916598,-159.91330482947984,2.5397667664289476,225,0.10317013030157676
19000,-160.77382478078582,-539.6708521300609,2.4683084332942964,226,0.10213842899856099
19100,-151.17630680479266,-539.6708521300609,3.147870370745659,227,0.10111704470857538
19200,-153.8088454722478,-539.6708521300609,2.8812125384807588,228,0.10010587426148963
19300,-154.74232465755344,-539.6708521300609,3.1657148468494416,229,0.09910481551887473
19400,-152.1264379088493,-539.6708521300609,2.540384432077408,230,0.09811376736368599
19500,-150.39497172232984,-833.995505737842,2.5658858144283294,231,0.09713262969004913
19600,-151.4169553136637,-833.995505737842,2.8166755449771883,233,0.09519969035921715
19700,-134.9901096581922,-833.995505737842,2.732321659326553,234,0.09424769345562498
19800,-133.36396615521235,-833.995505737842,2.7969505071640013,235,0.09330521652106873
19900,-132.84515100822122,-833.995505737842,2.755095987915993,236,0.09237216435585804
20000,-127.82337438979941,-421.67712706440204,2.6964871519804,237,0.09144844271229946
20100,-132.6495032027048,-421.67712706440204,2.878912244439125,238,0.09053395828517646
20200,-164.98461951524072,-421.67712706440204,3.3069211369752884,240,0.08873233251530144
20300,-164.98461951524072,-421.67712706440204,3.062716642618179,240,0.08873233251530144
20400,-155.8901397631244,-421.67712706440204,2.674850356578827,242,0.08696655909824694
20500,-148.64925660142137,-510.96146767593945,2.9843480640649798,243,0.08609689350726446
20600,-154.26027833258945,-510.96146767593945,3.0415636676549913,245,0.0843835653264699
20700,-158.81912758383214,-510.96146767593945,3.0052065467834472,246,0.0835397296732052
20800,-173.38052760039335,-510.96146767593945,2.51283030629158,247,0.08270433237647315
20900,-178.68349554719458,-510.96146767593945,3.1215621757507326,248,0.08187728905270841
21000,-179.1528120004327,-587.4299572277625,2.92994493663311,249,0.08105851616218133
21100,-178.32362082910439,-587.4299572277625,2.845042869448662,251,0.07944545169055392
21200,-171.3145326477851,-587.4299572277625,3.1054063886404037,252,0.07865099717364837
21300,-162.90855057782142,-587.4299572277625,2.7143044114112853,253,0.07786448720191189
21400,-161.13293580977304,-587.4299572277625,2.98926710665226,254,0.07708584232989277
21500,-165.75232335684254,-601.6408690442078,3.163118076324463,255,0.07631498390659384
21600,-166.6358245486967,-601.6408690442078,2.858624066710472,256,0.07555183406752791
21700,-175.67485958022795,-601.6408690442078,2.721340849995613,258,0.07404835256958411
21800,-167.23469954451124,-601.6408690442078,2.7070441246032715,259,0.07330786904388827
21900,-149.1236362105513,-601.6408690442078,2.640987864136696,260,0.07257479035344938
22000,-162.30161412409512,-258.18345818603063,2.867606893181801,261,0.07184904244991488
22100,-159.9635188861355,-258.18345818603063,2.7066403788328173,262,0.07113055202541574
22200,-173.74903903220655,-258.18345818603063,3.057488848567009,264,0.06971505404010997
22300,-174.95778857768033,-258.18345818603063,2.8152577102184297,265,0.06901790349970886
22400,-169.90991654248964,-258.18345818603063,2.4618169754743575,266,0.06832772446471178
22500,-167.36742388724798,-734.169904328814,2.5499501061439513,267,0.06764444722006466
22600,-160.19826638965557,-734.169904328814,2.7285359877347948,268,0.066968002747864
22700,-154.0297091198337,-734.169904328814,3.036851851940155,269,0.06629832272038537
22800,-169.72965053624463,-734.169904328814,2.783516992330551,270,0.06563533949318151
22900,-171.39199920738156,-734.169904328814,2.883688995838165,271,0.06497898609824969
23000,-195.61908446006152,-500.3095172227475,2.680567688345909,273,0.06368590427489453
23100,-198.6694183775379,-500.3095172227475,2.80109692633152,275,0.06241855477982412
23200,-209.72952061890473,-500.3095172227475,2.639559000134468,276,0.06179436923202588
23300,-208.13926606412755,-500.3095172227475,2.613060591816902,277,0.06117642553970562
23400,-202.19315134883652,-500.3095172227475,2.471783699989319,278,0.06056466128430856
23500,-204.98105722792047,-631.0650815146712,2.6768492007255555,279,0.05995901467146548
23600,-195.2328153493944,-631.0650815146712,2.4965884393453597,281,0.058765830279503314
23700,-192.37631571886337,-631.0650815146712,3.2859899592399597,282,0.05817817197670828
23800,-179.66910099962433,-631.0650815146712,2.507699066996574,283,0.057596390256941195
23900,-185.87790115409038,-631.0650815146712,2.811693344116211,284,0.05702042635437178
24000,-185.61053636154654,-192.67866904720782,3.0860691022872926,285,0.05645022209082806
24100,-187.14729216323843,-192.67866904720782,2.9939774042367935,286,0.05588571986991978
24200,-188.8924648027603,-192.67866904720782,2.8126945406198502,287,0.055326862671220584
24300,-187.61936028983257,-192.67866904720782,2.714013124704361,289,0.054225858104063294
24400,-172.6471193584651,-192.67866904720782,2.9685096168518066,290,0.05368359952302266
24500,-167.86488415472564,-1227.330691660132,2.861293758749962,291,0.053146763527792434
24600,-153.4956880358156,-1227.330691660132,2.658780300617218,293,0.052089142933589364
24700,-156.29831943516683,-1227.330691660132,2.6208816635608674,294,0.05156825150425347
24800,-149.55951162511354,-1227.330691660132,2.967821279168129,295,0.051052568989210935
24900,-139.24911305741765,-1227.330691660132,3.076789847612381,296,0.05054204329931883
25000,-136.44196256379706,-539.1745286731523,3.0856184476613997,297,0.05003662286632564
25100,-138.72785942088936,-539.1745286731523,2.8166136318445205,298,0.04953625663766238
25200,-141.03621713181855,-539.1745286731523,2.8262957614660262,299,0.04904089407128576
25300,-139.0224485357847,-539.1745286731523,2.879560646414757,301,0.048064980279267165
25400,-138.51790843783573,-539.1745286731523,2.7274945968389512,302,0.04758433047647449
25500,-153.02514075815566,-143.80314389996065,2.717943064570427,303,0.04710848717170975
25600,-143.09368582541828,-143.80314389996065,2.932276950478554,305,0.04617102827699272
25700,-147.14518379589873,-143.80314389996065,2.81612783908844,306,0.045709317994222794
25800,-137.22830937815837,-143.80314389996065,2.692075962424278,308,0.04479970256613776
25900,-143.8925421703662,-143.80314389996065,3.017137262225151,309,0.04435170554047638
26000,-149.68603493054363,-137.07991796138717,2.6744662207365035,310,0.043908188485071616
26100,-161.67044582691233,-137.07991796138717,2.6960853224992753,312,0.04303441553421869
26200,-170.23737251141557,-137.07991796138717,2.5755720633268355,313,0.0426040713788765
26300,-166.32454948075866,-137.07991796138717,2.5118231737613677,314,0.04217803066508773
26400,-164.41258096748655,-137.07991796138717,2.8359514170885087,315,0.04175625035843686
26500,-169.09938791014184,-305.58600857710826,2.959978553056717,316,0.041338687854852486
26600,-172.910524754704,-305.58600857710826,2.933203323483467,318,0.040516047966540916
26700,-161.77058778982098,-305.58600857710826,2.7220355063676833,319,0.04011088748687551
26800,-166.66314949126277,-305.58600857710826,3.0006900215148926,320,0.03970977861200675
26900,-180.67763348235357,-305.58600857710826,2.351137342453003,321,0.03931268082588668
27000,-187.72988724070146,-614.085693030686,2.729887121915817,322,0.03891955401762781
27100,-175.39259881326603,-614.085693030686,2.4861959290504454,323,0.03853035847745153
27200,-185.96434804043395,-614.085693030686,2.634283238053322,324,0.03814505489267701
27300,-184.91442158605358,-614.085693030686,3.191729592680931,326,0.03738596830031274
27400,-191.3691592499036,-614.085693030686,2.666205805540085,327,0.03701210861730961
27500,-193.02140914155007,-541.2526552159562,2.6079754412174223,328,0.03664198753113651
27600,-187.23885758546365,-541.2526552159562,2.769387580752373,329,0.036275567655825146
27700,-189.3596613685899,-541.2526552159562,2.978426062464714,331,0.035553683859474224
27800,-189.3596613685899,-541.2526552159562,2.9218618351221086,331,0.035553683859474224
27900,-197.91839581088468,-541.2526552159562,2.8674060118198397,332,0.03519814702087948
28000,-193.26514765693295,-472.27900396525365,3.091824429035187,333,0.03484616555067068
28100,-197.22598987541505,-472.27900396525365,3.0762430834770202,335,0.03415272685621234
28200,-192.3611814746817,-472.27900396525365,2.603584871888161,336,0.03381119958765021
28300,-190.13219342558978,-472.27900396525365,2.9703272026777268,337,0.03347308759177371
28400,-189.743243575703,-472.27900396525365,3.3247334569692613,338,0.03313835671585597
28500,-196.56762158955698,-613.0619435116057,2.7772014790773394,339,0.03280697314869741
28600,-184.37481982625755,-613.0619435116057,2.6247962886095046,341,0.032154114383038335
28700,-180.85186384925072,-613.0619435116057,3.02149023771286,342,0.03183257323920795
28800,-180.85186384925072,-613.0619435116057,2.928723726272583,342,0.03183257323920795
28900,-181.22513148037308,-613.0619435116057,2.76607593357563,343,0.03151424750681587
29000,-164.01812821042887,-586.8793016809539,2.7614978975057602,345,0.030887113981430233
29100,-163.87448974445581,-586.8793016809539,2.44699113368988,347,0.03027246041319977
29200,-164.28047025951756,-586.8793016809539,3.2033472412824633,348,0.029969735809067772
29300,-169.4670134541646,-586.8793016809539,2.3933042204380035,349,0.029670038450977095
29400,-169.4670134541646,-586.8793016809539,2.944020500779152,349,0.029670038450977095
29500,-154.09663986764645,-697.355602997251,2.853482630252838,350,0.029373338066467324
29600,-147.17276856330005,-697.355602997251,2.897252539396286,352,0.028788808638944622
29700,-142.94094186734796,-697.355602997251,2.8871378362178803,353,0.028500920552555174
29800,-144.83630066499666,-697.355602997251,3.084942570924759,354,0.028215911347029624
29900,-142.55236861543116,-697.355602997251,2.7731845700740814,355,0.027933752233559327
30000,-141.42699368725536,-538.357268985601,2.6248335856199265,357,0.027377870564111496
30100,-125.26889375704698,-538.357268985601,3.096529411673546,359,0.026833050939885677
30200,-122.59255328401187,-538.357268985601,2.813253658413887,360,0.02656472043048682
30300,-121.09850397129875,-538.357268985601,2.6220014703273775,361,0.02629907322618195
30400,-127.32073274606311,-538.357268985601,2.3928020578622817,362,0.026036082493920133
30500,-127.92775632749336,-648.001398469024,2.578423787355423,363,0.02577572166898093
30600,-129.2910464407348,-648.001398469024,3.027272166013718,364,0.025517964452291122
30700,-138.43056542558085,-648.001398469024,2.539921117424965,365,0.02526278480776821
30800,-147.68367625649762,-648.001398469024,2.6597860294580458,366,0.025010156959690527
30900,-147.20195743247032,-648.001398469024,2.8742342072725298,367,0.02476005539009362
31000,-159.55283022671946,-283.36771628637115,2.601998032331467,368,0.024512454836192684
31100,-159.98679988598764,-283.36771628637115,2.8849599236249923,369,0.024267330287830756
31200,-167.27936143665664,-283.36771628637115,2.720066973567009,370,0.024024656984952448
31300,-174.6466532932892,-283.36771628637115,2.8291750848293304,372,0.023546566310951894
31400,-172.005877334263,-283.36771628637115,2.4938924497365953,373,0.023311100647842375
31500,-170.1672169852032,-616.9540529841921,2.875221080780029,374,0.02307798964136395
31600,-169.4443047251537,-616.9540529841921,2.6240881937742233,375,0.022847209744950314
31700,-170.09615146225312,-616.9540529841921,2.7976985466480255,376,0.02261873764750081
31800,-189.11782664411368,-616.9540529841921,2.4707872074842454,378,0.022168624768315544
31900,-188.58158221807338,-616.9540529841921,2.9894715851545333,379,0.02194693852063239
32000,-186.42823480213437,-812.013691296513,2.732312561273575,380,0.021727469135426065
32100,-185.68291439101026,-812.013691296513,2.5852961140871047,381,0.021510194444071803
32200,-177.36547535948276,-812.013691296513,2.534348213672638,382,0.021295092499631085
32300,-177.778553377935,-812.013691296513,2.7854241704940796,383,0.021082141574634772
32400,-188.28352980025736,-812.013691296513,2.6498729407787325,384,0.020871320158888425
32500,-175.6742193652445,-467.18192032778205,2.8855588459968566,386,0.020455980887726547
32600,-162.22902805417016,-467.18192032778205,2.6182404983043672,388,0.020048906868060788
32700,-161.21243212870422,-467.18192032778205,2.3367470800876617,389,0.01984841779938018
32800,-160.4982980760958,-467.18192032778205,3.3214998990297318,390,0.019649933621386378
32900,-155.6569179978858,-467.18192032778205,2.5511468517780305,391,0.019453434285172513
33000,-156.36392826003234,-128.7474526567834,2.851296998858452,392,0.019258899942320787
33100,-159.0209917879502,-128.7474526567834,2.6081627386808397,393,0.01906631094289758
33200,-160.5072473583087,-128.7474526567834,2.756917667388916,394,0.018875647833468602
33300,-160.05684602519847,-128.7474526567834,2.2685663616657257,396,0.018500022441582577
33400,-154.17873415496706,-128.7474526567834,2.6992679870128633,397,0.01831502221716675
33500,-155.3802404283098,-662.3906143302239,2.670171308517456,398,0.018131871994995084
33600,-157.02122667251024,-662.3906143302239,2.9999581533670425,399,0.017950553275045134
33700,-158.01949253118772,-662.3906143302239,2.4620542913675307,401,0.017593337264871736
33800,-170.99745316422525,-662.3906143302239,2.928507518172264,402,0.01741740389222302
33900,-176.2008455742785,-662.3906143302239,2.7454639506340026,403,0.01724322985330079
34000,-164.40694636505629,-922.4254715322752,2.9611344146728515,404,0.017070797554767782
34100,-160.60545797316905,-922.4254715322752,3.0834375351667402,406,0.016731088683427906
34200,-161.50957727684494,-922.4254715322752,3.079756587743759,407,0.016563777796593626
34300,-159.22628919743977,-922.4254715322752,2.9369276279211043,408,0.016398140018627688
34400,-165.3154961048974,-922.4254715322752,2.5670404213666917,409,0.01623415861844141
34500,-160.25740491014318,-142.7809279003977,2.925353506207466,410,0.016071817032256998
34600,-153.00005446782967,-142.7809279003977,2.5587956392765046,411,0.01591109886193443
34700,-165.549350649848,-142.7809279003977,2.530556869506836,413,0.015594467994581935
34800,-165.549350649848,-142.7809279003977,2.6243984591960907,413,0.015594467994581935
34900,-166.33522711191645,-142.7809279003977,2.7065041160583494,415,0.015284138081489753
35000,-180.82502016001388,-739.3276183748154,2.7354474556446076,416,0.015131296700674856
35100,-170.70726745362532,-739.3276183748154,2.7556781697273256,418,0.014830183896331426
35200,-185.99968653774766,-739.3276183748154,2.7245595628023147,419,0.014681882057368112
35300,-188.93737951667646,-739.3276183748154,2.654954804778099,420,0.01453506323679443
35400,-184.71886467445302,-739.3276183748154,2.602161682844162,421,0.014389712604426485
35500,-173.18418077930454,-477.0312834333723,2.4589589834213257,422,0.01424581547838222
35600,-172.77291592864754,-477.0312834333723,2.5700606787204743,424,0.013962323750362413
35700,-168.8052366456426,-477.0312834333723,2.777738410234451,425,0.013822700512858789
35800,-164.23154668051745,-477.0312834333723,2.9586700522899627,426,0.0136844735077302
35900,-164.2813738355074,-477.0312834333723,2.864778339266777,427,0.013547628772652899
36000,-165.2044275782327,-548.5741296629117,3.0472367119789125,428,0.01341215248492637
36100,-161.15795100280934,-548.5741296629117,2.5641087782382965,430,0.013145250650476335
36200,-159.68435464030523,-548.5741296629117,2.7385274636745454,431,0.01301379814397157
36300,-146.70498728078502,-548.5741296629117,2.9451998341083527,432,0.012883660162531854
36400,-146.1248404919717,-548.5741296629117,3.0223381614685056,433,0.012754823560906535
36500,-147.00772858198204,-153.55273674503547,2.837196387052536,434,0.01262727532529747
36600,-133.9364714246953,-153.55273674503547,2.4779996436834337,436,0.01237599254632405
36700,-132.59214006133817,-153.55273674503547,2.6200295841693877,437,0.01225223262086081
36800,-146.98275134025874,-153.55273674503547,2.4795490396022797,438,0.012129710294652202
36900,-132.07234672927333,-153.55273674503547,2.4869877165555954,439,0.01200841319170568
37000,-136.31757754398024,-139.00159072864932,2.7486435866355894,440,0.011888329059788623
37100,-137.21125521396004,-139.00159072864932,2.8233734869956972,442,0.01165175131149883
37200,-133.0161926090208,-139.00159072864932,2.48194260597229,443,0.011535233798383842
37300,-149.07250569786768,-139.00159072864932,2.939964280128479,444,0.011419881460400004
37400,-159.89389805140786,-139.00159072864932,2.797466043829918,445,0.011305682645796004
37500,-167.5238773357392,-745.2744514658973,2.8548248809576036,446,0.011192625819338045
37600,-168.113236136591,-745.2744514658973,2.805102998614311,447,0.011080699561144665
37700,-167.90139268848162,-745.2744514658973,2.439530081152916,449,0.010860193639877886
37800,-168.03488721305774,-745.2744514658973,2.6921897292137147,450,0.010751591703479106
37900,-178.73789201693458,-745.2744514658973,2.596608185172081,451,0.010644075786444315
38000,-182.00127093298792,-359.6174587505372,2.79861011326313,452,0.010537635028579873
38100,-187.87499113547773,-359.6174587505372,2.569468056559563,454,0.010327936091511133
38200,-187.87499113547773,-359.6174587505372,2.6515924030542375,454,0.010327936091511133
38300,-192.53473263130482,-359.6174587505372,2.8893299353122712,455,0.010224656730596022
38400,-198.8967236591399,-359.6174587505372,3.07472461104393,456,0.01012241016329006
38500,-209.60803440877052,-698.6815922219107,2.8989077216386794,457,0.01002118606165716
38600,-207.9843509801231,-698.6815922219107,2.7408475983142853,458,0.01
38700,-213.73580247729623,-698.6815922219107,2.330002478957176,460,0.01
38800,-221.17853863114055,-698.6815922219107,2.648641784787178,461,0.01
38900,-224.66803338382516,-698.6815922219107,2.6115118461847304,462,0.01
39000,-228.8013380165893,-111.45977373222081,2.8118381905555725,463,0.01
39100,-202.32990932780186,-111.45977373222081,2.794981107711792,465,0.01
39200,-198.7934983066512,-111.45977373222081,2.4343002396821976,466,0.01
39300,-205.05254040466497,-111.45977373222081,2.77988319337368,467,0.01
39400,-210.02419817985583,-111.45977373222081,2.663256280422211,468,0.01
39500,-204.72304465235237,-711.4246224486541,2.820557247400284,469,0.01
39600,-196.99037721031544,-711.4246224486541,2.588930582404137,471,0.01
39700,-197.05560850756513,-711.4246224486541,2.348054472208023,472,0.01
39800,-216.74148394518156,-711.4246224486541,2.7772958767414093,473,0.01
39900,-207.89603020172575,-711.4246224486541,2.7062876135110856,474,0.01
40000,-203.1343193713498,-511.403332031666,2.6743851035833357,475,0.01
40100,-196.98562891133327,-511.403332031666,2.825459205508232,477,0.01
40200,-195.66245943453072,-511.403332031666,3.1117204517126082,478,0.01
40300,-192.7310650451872,-511.403332031666,2.69283141374588,479,0.01
40400,-190.19413806589355,-511.403332031666,2.730040875673294,480,0.01
40500,-183.628671036857,-492.4414919509566,2.822530823945999,481,0.01
40600,-185.52321379819176,-492.4414919509566,2.9941603893041613,483,0.01
40700,-195.1853531609128,-492.4414919509566,2.8045629876852036,484,0.01
40800,-194.83561181966138,-492.4414919509566,2.8532503283023836,485,0.01
40900,-195.0945654016904,-492.4414919509566,2.737579538822174,486,0.01
41000,-187.58666711612673,-231.0526059977933,2.787147381901741,487,0.01
41100,-184.35314480839273,-231.0526059977933,2.7698154163360598,489,0.01
41200,-184.35314480839273,-231.0526059977933,2.652712678909302,489,0.01
41300,-188.92909059702862,-231.0526059977933,2.6103418707847594,491,0.01
41400,-189.96914237378846,-231.0526059977933,2.749803879857063,492,0.01
41500,-169.66555539913603,-1465.9768038609814,2.4082115012407304,493,0.01
41600,-167.02087867292659,-1465.9768038609814,2.7124812388420105,495,0.01
41700,-174.7950049006992,-1465.9768038609814,2.4388807892799376,496,0.01
41800,-170.4617499816595,-1465.9768038609814,2.763379132151604,497,0.01
41900,-152.99799076162248,-1465.9768038609814,2.599498252272606,499,0.01
42000,-153.74549169953826,-297.51700850483047,2.6572849464416506,500,0.01
42100,-152.6722531734217,-297.51700850483047,3.1528728449344636,501,0.01
42200,-146.12074719191125,-297.51700850483047,2.7746181285381315,503,0.01
42300,-135.44987821934427,-297.51700850483047,2.7612004894018174,504,0.01
42400,-155.3261568093461,-297.51700850483047,2.6015554571151736,505,0.01
42500,-174.46845837281973,-812.0065909177756,2.838929095864296,506,0.01
42600,-174.72872411518836,-812.0065909177756,2.556875733733177,507,0.01
42700,-174.74039131841164,-812.0065909177756,2.471902796626091,509,0.01
42800,-167.51067575464657,-812.0065909177756,2.397235866189003,510,0.01
42900,-170.53973075730693,-812.0065909177756,2.910119514465332,511,0.01
43000,-180.59964549721965,-517.832049028252,3.0125392758846283,512,0.01
43100,-180.29367282383063,-517.832049028252,2.680288353562355,514,0.01
43200,-190.1111726859429,-517.832049028252,2.6248429262638093,515,0.01
43300,-181.24417850233775,-517.832049028252,2.788164191842079,516,0.01
43400,-187.33091120209897,-517.832049028252,2.6463452500104903,517,0.01
43500,-187.33091120209897,-117.72130537891712,2.7807538521289827,517,0.01
43600,-205.6080442481942,-117.72130537891712,2.7454292660951616,519,0.01
43700,-200.02894628861984,-117.72130537891712,2.5980339860916137,520,0.01
43800,-200.02894628861984,-117.72130537891712,2.6310716354846955,520,0.01
43900,-194.65129372062972,-117.72130537891712,2.701211893558502,521,0.01
44000,-204.29034571930003,-140.8141306378372,2.748172053694725,522,0.01
44100,-203.21688319673788,-140.8141306378372,2.750298151373863,523,0.01
44200,-204.85092262005756,-140.8141306378372,3.008784052729607,524,0.01
44300,-183.45026928273762,-140.8141306378372,2.5866124421358108,526,0.01
44400,-176.9421537699066,-140.8141306378372,2.5371352422237394,527,0.01
44500,-173.668845762981,-527.7687779361501,2.978955152630806,528,0.01
44600,-176.87231196276062,-527.7687779361501,2.6166527593135833,529,0.01
44700,-173.95562779827375,-527.7687779361501,3.047119272351265,531,0.01
44800,-173.95562779827375,-527.7687779361501,2.7697731256484985,531,0.01
44900,-159.95801292643802,-527.7687779361501,2.6636239862442017,532,0.01
45000,-164.6916119372948,-134.34470340705312,2.555367165207863,533,0.01
45100,-164.02506615351572,-134.34470340705312,2.759684564471245,534,0.01
45200,-171.302738614369,-134.34470340705312,2.627469647526741,536,0.01
45300,-175.42702368196234,-134.34470340705312,2.771588452458382,537,0.01
45400,-171.67434717361718,-134.34470340705312,3.2775377959012983,538,0.01
45500,-166.17216316690704,-145.93494618267744,2.9406965696811675,540,0.01
45600,-162.2273607980591,-145.93494618267744,2.5761217045783997,542,0.01
45700,-162.2273607980591,-145.93494618267744,2.6741668301820756,542,0.01
45800,-166.1995801686881,-145.93494618267744,2.809832212328911,543,0.01
45900,-166.25169759082684,-145.93494618267744,3.2467469054460527,544,0.01
46000,-150.85575042138913,-502.1498342404925,2.856882389187813,545,0.01
46100,-155.4821514689507,-502.1498342404925,2.80697457075119,546,0.01
46200,-187.12853431330342,-502.1498342404925,2.5649013930559157,548,0.01
46300,-187.12853431330342,-502.1498342404925,2.6213426303863527,548,0.01
46400,-193.42169260780113,-502.1498342404925,2.7688830322027207,550,0.01
46500,-196.87551751027692,-140.17962621182724,2.683443605899811,551,0.01
46600,-196.52673586441784,-140.17962621182724,3.0107844394445418,553,0.01
46700,-211.5217576316192,-140.17962621182724,2.746096369624138,554,0.01
46800,-203.0011357496781,-140.17962621182724,2.4721963095664976,555,0.01
46900,-209.3988248477986,-140.17962621182724,3.0447990244626997,556,0.01
47000,-193.66886569053062,-653.8971921132518,3.0977506870031357,557,0.01
47100,-188.89651023923167,-653.8971921132518,2.4659846353530885,559,0.01
47200,-205.10630864844074,-653.8971921132518,2.4133302640914915,560,0.01
47300,-220.97603093456866,-653.8971921132518,2.4152366757392882,561,0.01
47400,-219.3331692733978,-653.8971921132518,2.705567326545715,562,0.01
47500,-228.61817129581104,-641.5787621246475,2.772016146183014,563,0.01
47600,-228.14174348820433,-641.5787621246475,2.73283833026886,564,0.01
47700,-227.8447285291758,-641.5787621246475,2.8916624200344088,565,0.01
47800,-226.12147895091735,-641.5787621246475,2.5509518295526505,566,0.01
47900,-217.05752481708387,-641.5787621246475,2.3656355333328247,568,0.01
48000,-208.09351847921317,-587.1642579976399,2.9207880330085754,569,0.01
48100,-208.15461818081653,-587.1642579976399,2.7898009127378463,570,0.01
48200,-208.5530789053853,-587.1642579976399,2.5858571404218673,571,0.01
48300,-208.31975398841638,-587.1642579976399,2.8540268832445146,573,0.01
48400,-191.2628406514796,-587.1642579976399,2.7202648204565048,574,0.01
48500,-188.67990369596188,-144.24789539125044,2.5969449239969253,575,0.01
48600,-186.98891091268496,-144.24789539125044,2.8476851361989977,577,0.01
48700,-185.7688018788064,-144.24789539125044,2.7334167271852494,578,0.01
48800,-184.31965597046008,-144.24789539125044,2.4011705076694487,579,0.01
48900,-178.2212655086094,-144.24789539125044,2.711049859523773,580,0.01
49000,-172.92543493476234,-144.82298792381215,2.69497788310051,581,0.01
49100,-173.9955248973306,-144.82298792381215,2.3830220061540603,583,0.01
49200,-173.9955248973306,-144.82298792381215,2.4499078977108,583,0.01
49300,-189.97267173466454,-144.82298792381215,2.69992857336998,584,0.01
49400,-196.751984442842,-144.82298792381215,3.027541514635086,586,0.01
49500,-185.140994549604,-565.8850811321929,2.594655547142029,587,0.01
49600,-183.18224260209544,-565.8850811321929,2.9565709149837494,589,0.01
49700,-190.53961880875627,-565.8850811321929,2.878642303943634,590,0.01
49800,-199.4255896338434,-565.8850811321929,2.7492018330097197,591,0.01
49900,-206.5242279441987,-565.8850811321929,2.889701997041702,592,0.01
50000,-214.84357730706432,-410.02537253459616,2.7280223858356476,593,0.01
50100,-217.59588411200974,-410.02537253459616,3.080755377411842,595,0.01
50200,-217.59588411200974,-410.02537253459616,2.6228539526462553,595,0.01
50300,-236.88316515192372,-410.02537253459616,2.331389060020447,597,0.01
50400,-245.01926415279618,-410.02537253459616,2.7377385461330412,598,0.01
50500,-252.26101997932324,-538.0631041007696,2.546686350107193,599,0.01
50600,-231.23717869558223,-538.0631041007696,2.5882399410009382,601,0.01
50700,-239.9077518080709,-538.0631041007696,2.707901450395584,602,0.01
50800,-226.9338400867407,-538.0631041007696,2.7462407237291337,603,0.01
50900,-217.51840070987745,-538.0631041007696,2.3769266629219055,604,0.01
51000,-214.39937212676173,-591.6910120430776,2.816252846121788,605,0.01
51100,-209.82077931107997,-591.6910120430776,2.6223093920946123,606,0.01
51200,-208.9976800117733,-591.6910120430776,2.92297842502594,607,0.01
51300,-217.38430821854914,-591.6910120430776,3.083402327299118,608,0.01
51400,-224.80252484949492,-591.6910120430776,2.800420424938202,609,0.01
51500,-209.695759266078,-511.8924396694677,2.876586747169495,611,0.01
51600,-192.94968135498493,-511.8924396694677,2.6226112818717957,613,0.01
51700,-194.37941921712866,-511.8924396694677,2.5168997144699095,614,0.01
51800,-183.7421970834565,-511.8924396694677,2.7021524262428285,615,0.01
51900,-166.5498280550911,-511.8924396694677,2.407654888629913,616,0.01
52000,-154.80406688330953,-177.6436475939386,2.636156190633774,618,0.01
52100,-147.3829130047114,-177.6436475939386,2.5729928249120713,620,0.01
52200,-146.43826117177443,-177.6436475939386,2.8306981146335604,621,0.01
52300,-135.7956676214038,-177.6436475939386,3.0669742131233217,622,0.01
52400,-139.98863995004658,-177.6436475939386,2.672061104178429,624,0.01
52500,-139.35780602637993,-492.8729353187593,2.47986618578434,625,0.01
52600,-140.18879687556412,-492.8729353187593,2.492861651182175,627,0.01
52700,-131.26182432256343,-492.8729353187593,2.6124580025672914,628,0.01
52800,-136.52516834508188,-492.8729353187593,2.6844617569446565,629,0.01
52900,-136.94153237983727,-492.8729353187593,3.5135464990139007,630,0.01
53000,-145.6351687876435,-137.73072674359722,3.178983039855957,631,0.01
53100,-144.88575248057364,-137.73072674359722,2.80745855987072,633,0.01
53200,-154.26232489998753,-137.73072674359722,2.866569795012474,634,0.01
53300,-171.24884620189715,-137.73072674359722,2.695656482577324,635,0.01
53400,-162.23063495131896,-137.73072674359722,2.68760900080204,637,0.01
53500,-162.69319378969809,-1028.9250954656823,2.6601068246364594,638,0.01
53600,-168.91574328699227,-1028.9250954656823,2.448796157836914,640,0.01
53700,-168.91574328699227,-1028.9250954656823,2.6461948454380035,640,0.01
53800,-178.56327558480407,-1028.9250954656823,3.016122664809227,641,0.01
53900,-182.06798167222104,-1028.9250954656823,3.0788897782564164,642,0.01
54000,-170.95245762361608,-566.5602030911169,2.4016522949934007,644,0.01
54100,-169.00746114455677,-566.5602030911169,3.0361112105846404,646,0.01
54200,-169.00746114455677,-566.5602030911169,2.8486873257160186,646,0.01
54300,-176.82124188433642,-566.5602030911169,2.4166997480392456,648,0.01
54400,-164.89352334127415,-566.5602030911169,3.084606256484985,649,0.01
54500,-163.58464462576305,-510.11848410010305,2.8186892104148864,650,0.01
54600,-155.50318783444382,-510.11848410010305,2.636567023396492,651,0.01
54700,-163.24791338088986,-510.11848410010305,2.919683184027672,652,0.01
54800,-162.6818332790827,-510.11848410010305,2.526536159515381,653,0.01
54900,-161.49835199702142,-510.11848410010305,2.528436489701271,654,0.01
55000,-171.4176509164836,-478.0150365689965,2.8446884232759477,656,0.01
55100,-172.94105637919068,-478.0150365689965,2.950870323181152,657,0.01
55200,-177.4302221878251,-478.0150365689965,2.6912830239534378,659,0.01
55300,-173.7081790801936,-478.0150365689965,2.4087797945737837,660,0.01
55400,-170.64844862491827,-478.0150365689965,2.675260062813759,661,0.01
55500,-171.1604585388289,-776.4683252310949,2.726380944252014,662,0.01
55600,-188.47389380146421,-776.4683252310949,2.507361963391304,664,0.01
55700,-187.14583934380335,-776.4683252310949,2.7088903939723967,665,0.01
55800,-189.49987902551234,-776.4683252310949,2.9953436130285263,666,0.01
55900,-187.76770285933895,-776.4683252310949,2.614938851594925,667,0.01
56000,-201.90660170951423,-718.0640382339618,2.624509913921356,668,0.01
56100,-195.98978778909003,-718.0640382339618,2.4873729801177977,670,0.01
56200,-204.81023339007393,-718.0640382339618,2.5674217921495437,671,0.01
56300,-196.37722509784192,-718.0640382339618,2.7289009684324266,672,0.01
56400,-196.37722509784192,-718.0640382339618,2.776827811598778,672,0.01
56500,-202.07761506479602,-141.77271262916838,2.52055018723011,673,0.01
56600,-191.17457899657947,-141.77271262916838,2.748302786946297,675,0.01
56700,-186.4175534015066,-141.77271262916838,2.797381516098976,676,0.01
56800,-186.9396598480968,-141.77271262916838,3.3232151216268537,677,0.01
56900,-195.12005107256877,-141.77271262916838,2.748939190506935,678,0.01
57000,-211.624360494327,-483.9379849397131,2.993959349393845,679,0.01
57100,-211.23983395968548,-483.9379849397131,2.464033390879631,681,0.01
57200,-203.44966060906805,-483.9379849397131,2.7436091113090515,683,0.01
57300,-190.55289424198503,-483.9379849397131,2.6961070734262464,684,0.01
57400,-191.56198773550577,-483.9379849397131,2.8376341146230697,685,0.01
57500,-191.56198773550577,-689.3343231127823,2.5882989329099657,685,0.01
57600,-196.11575608683364,-689.3343231127823,2.8211818778514863,687,0.01
57700,-179.87602898784704,-689.3343231127823,2.813559772372246,688,0.01
57800,-184.33789796367302,-689.3343231127823,2.4516568022966383,689,0.01
57900,-175.5138814545609,-689.3343231127823,2.623530331850052,691,0.01
58000,-177.03892111651584,-396.35344995514794,2.451737883687019,692,0.01
58100,-174.8516469878288,-396.35344995514794,2.4023317086696623,693,0.01
58200,-173.4852145560369,-396.35344995514794,2.575850128531456,695,0.01
58300,-157.14154426965314,-396.35344995514794,2.6778232473134995,696,0.01
58400,-156.44737556195972,-396.35344995514794,2.6500434255599976,697,0.01
58500,-157.17117096644887,-147.03886329142088,2.854762990474701,698,0.01
58600,-139.07021471673937,-147.03886329142088,2.6115972232818603,699,0.01
58700,-148.2237212313512,-147.03886329142088,2.73743093252182,701,0.01
58800,-153.4747600547525,-147.03886329142088,2.4529963266849517,702,0.01
58900,-158.35865352770753,-147.03886329142088,2.7370016288757326,703,0.01
59000,-161.40259933674693,-560.9198921021313,2.553253533244133,704,0.01
59100,-158.46598376268625,-560.9198921021313,2.5371464306116103,706,0.01
59200,-156.25001623874297,-560.9198921021313,3.0479223293066027,707,0.01
59300,-156.75376921381826,-560.9198921021313,2.672558810710907,708,0.01
59400,-164.02636197797736,-560.9198921021313,2.8722982734441755,710,0.01
59500,-159.1759386247769,-546.3694491687902,2.4413314563035966,711,0.01
59600,-155.06591801971476,-546.3694491687902,2.7097251796722412,713,0.01
59700,-156.06229287820148,-546.3694491687902,2.6953936511278154,714,0.01
59800,-153.49028250428276,-546.3694491687902,2.5983100688457488,716,0.01
59900,-153.62076215859855,-546.3694491687902,2.7604647988080977,717,0.01
60000,-142.84959826511636,-534.7895139218583,2.7703560370206834,718,0.01
